ID,Profile,L,I,C,A,Human_Global,Additive,Min,Luk_4D,Q_comm_add,Q_comm_min,Q_comm_luk,Q_acad_add,Q_acad_min,Q_acad_luk
S01,A,0.85,0.92,0.78,0.42,0.65,0.7424999999999999,0.42,0.0,0.8500000000000001,0.78,0.7000000000000002,0.635,0.42,0.27
S02,A,0.78,0.88,0.72,0.38,0.6,0.69,0.38,0.0,0.8,0.72,0.6000000000000001,0.5800000000000001,0.38,0.16000000000000014
S03,A,0.91,0.95,0.8,0.48,0.72,0.785,0.48,0.14000000000000012,0.875,0.8,0.75,0.6950000000000001,0.48,0.3900000000000001
S04,A,0.82,0.85,0.68,0.35,0.58,0.675,0.35,0.0,0.765,0.68,0.53,0.585,0.35,0.16999999999999993
S05,A,0.75,0.8,0.7,0.4,0.62,0.6625,0.4,0.0,0.75,0.7,0.5,0.575,0.4,0.1499999999999999
S06,A,0.88,0.9,0.75,0.32,0.68,0.7125,0.32,0.0,0.825,0.75,0.6499999999999999,0.6,0.32,0.19999999999999996
S07,A,0.8,0.88,0.65,0.45,0.6,0.6950000000000001,0.45,0.0,0.765,0.65,0.53,0.625,0.45,0.25
S08,A,0.84,0.92,0.82,0.39,0.67,0.7425,0.39,0.0,0.87,0.82,0.74,0.615,0.39,0.22999999999999998
S09,A,0.77,0.84,0.74,0.36,0.59,0.6774999999999999,0.36,0.0,0.79,0.74,0.5800000000000001,0.565,0.36,0.1299999999999999
S10,A,0.89,0.96,0.79,0.41,0.7,0.7625000000000001,0.41,0.050000000000000266,0.875,0.79,0.75,0.65,0.41,0.30000000000000004
S11,A,0.81,0.87,0.66,0.37,0.57,0.6775000000000001,0.37,0.0,0.765,0.66,0.53,0.5900000000000001,0.37,0.18000000000000016
S12,A,0.86,0.91,0.73,0.43,0.64,0.7325,0.43,0.0,0.8200000000000001,0.73,0.6400000000000001,0.645,0.43,0.29000000000000004
S13,A,0.79,0.85,0.77,0.33,0.61,0.685,0.33,0.0,0.81,0.77,0.6200000000000001,0.56,0.33,0.1200000000000001
S14,A,0.83,0.89,0.69,0.46,0.63,0.7175,0.46,0.0,0.79,0.69,0.5800000000000001,0.645,0.46,0.29000000000000004
S15,A,0.76,0.82,0.71,0.38,0.58,0.6675,0.38,0.0,0.7649999999999999,0.71,0.5299999999999998,0.5700000000000001,0.38,0.14000000000000012
S16,A,0.87,0.94,0.76,0.34,0.66,0.7275,0.34,0.0,0.85,0.76,0.7,0.605,0.34,0.20999999999999996
S17,A,0.8,0.86,0.67,0.42,0.59,0.6875,0.42,0.0,0.765,0.67,0.53,0.61,0.42,0.21999999999999997
S18,A,0.85,0.9,0.81,0.37,0.68,0.7325,0.37,0.0,0.855,0.81,0.71,0.61,0.37,0.21999999999999997
S19,A,0.74,0.81,0.65,0.4,0.56,0.65,0.4,0.0,0.73,0.65,0.45999999999999996,0.5700000000000001,0.4,0.14000000000000012
S20,A,0.88,0.93,0.78,0.44,0.69,0.7575,0.44,0.029999999999999805,0.855,0.78,0.71,0.66,0.44,0.32000000000000006
S21,B,0.42,0.82,0.74,0.62,0.55,0.65,0.42,0.0,0.78,0.74,0.56,0.52,0.42,0.040000000000000036
S22,B,0.38,0.78,0.68,0.58,0.5,0.6050000000000001,0.38,0.0,0.73,0.68,0.45999999999999996,0.48,0.38,0.0
S23,B,0.45,0.86,0.8,0.68,0.62,0.6975000000000001,0.45,0.0,0.8300000000000001,0.8,0.6600000000000001,0.5650000000000001,0.45,0.13000000000000012
S24,B,0.32,0.75,0.65,0.55,0.48,0.5675000000000001,0.32,0.0,0.7,0.65,0.3999999999999999,0.43500000000000005,0.32,0.0
S25,B,0.4,0.8,0.7,0.6,0.54,0.625,0.4,0.0,0.75,0.7,0.5,0.5,0.4,0.0
S26,B,0.36,0.77,0.75,0.52,0.52,0.6,0.36,0.0,0.76,0.75,0.52,0.44,0.36,0.0
S27,B,0.48,0.88,0.82,0.65,0.65,0.7074999999999999,0.48,0.0,0.85,0.82,0.7,0.565,0.48,0.1299999999999999
S28,B,0.33,0.74,0.62,0.57,0.46,0.565,0.33,0.0,0.6799999999999999,0.62,0.3599999999999999,0.44999999999999996,0.33,0.0
S29,B,0.41,0.81,0.76,0.63,0.57,0.6525,0.41,0.0,0.785,0.76,0.5700000000000001,0.52,0.41,0.040000000000000036
S30,B,0.39,0.79,0.69,0.59,0.53,0.615,0.39,0.0,0.74,0.69,0.48,0.49,0.39,0.0
S31,B,0.44,0.85,0.78,0.66,0.6,0.6825000000000001,0.44,0.0,0.815,0.78,0.6299999999999999,0.55,0.44,0.10000000000000009
S32,B,0.35,0.76,0.66,0.54,0.49,0.5775,0.35,0.0,0.71,0.66,0.41999999999999993,0.445,0.35,0.0
S33,B,0.46,0.87,0.81,0.67,0.63,0.7025,0.46,0.0,0.8400000000000001,0.81,0.6800000000000002,0.5650000000000001,0.46,0.13000000000000012
S34,B,0.31,0.73,0.64,0.53,0.45,0.5525,0.31,0.0,0.685,0.64,0.3700000000000001,0.42000000000000004,0.31,0.0
S35,B,0.43,0.83,0.72,0.61,0.56,0.6475,0.43,0.0,0.7749999999999999,0.72,0.5499999999999998,0.52,0.43,0.040000000000000036
S36,B,0.37,0.78,0.74,0.56,0.51,0.6125,0.37,0.0,0.76,0.74,0.52,0.465,0.37,0.0
S37,B,0.47,0.89,0.83,0.69,0.66,0.72,0.47,0.0,0.86,0.83,0.72,0.58,0.47,0.15999999999999992
S38,B,0.34,0.75,0.63,0.58,0.48,0.5750000000000001,0.34,0.0,0.69,0.63,0.3799999999999999,0.45999999999999996,0.34,0.0
S39,B,0.42,0.82,0.77,0.64,0.58,0.6625,0.42,0.0,0.7949999999999999,0.77,0.5899999999999999,0.53,0.42,0.06000000000000005
S40,B,0.38,0.79,0.67,0.57,0.52,0.6024999999999999,0.38,0.0,0.73,0.67,0.45999999999999996,0.475,0.38,0.0
S41,C,0.32,0.42,0.45,0.32,0.38,0.3775,0.32,0.0,0.435,0.42,0.0,0.32,0.32,0.0
S42,C,0.28,0.38,0.35,0.28,0.3,0.3225,0.28,0.0,0.365,0.35,0.0,0.28,0.28,0.0
S43,C,0.38,0.48,0.52,0.38,0.42,0.43999999999999995,0.38,0.0,0.5,0.48,0.0,0.38,0.38,0.0
S44,C,0.22,0.32,0.32,0.25,0.26,0.2775,0.22,0.0,0.32,0.32,0.0,0.235,0.22,0.0
S45,C,0.3,0.4,0.4,0.3,0.35,0.35000000000000003,0.3,0.0,0.4,0.4,0.0,0.3,0.3,0.0
S46,C,0.26,0.36,0.38,0.26,0.31,0.315,0.26,0.0,0.37,0.36,0.0,0.26,0.26,0.0
S47,C,0.36,0.46,0.48,0.36,0.4,0.41500000000000004,0.36,0.0,0.47,0.46,0.0,0.36,0.36,0.0
S48,C,0.24,0.34,0.34,0.22,0.27,0.28500000000000003,0.22,0.0,0.34,0.34,0.0,0.22999999999999998,0.22,0.0
S49,C,0.31,0.41,0.42,0.31,0.36,0.3625,0.31,0.0,0.415,0.41,0.0,0.31,0.31,0.0
S50,C,0.29,0.39,0.39,0.29,0.33,0.33999999999999997,0.29,0.0,0.39,0.39,0.0,0.29,0.29,0.0
S51,C,0.34,0.44,0.46,0.34,0.38,0.395,0.34,0.0,0.45,0.44,0.0,0.34,0.34,0.0
S52,C,0.25,0.35,0.36,0.24,0.3,0.3,0.24,0.0,0.355,0.35,0.0,0.245,0.24,0.0
S53,C,0.37,0.47,0.51,0.37,0.41,0.43000000000000005,0.37,0.0,0.49,0.47,0.0,0.37,0.37,0.0
S54,C,0.21,0.31,0.31,0.21,0.24,0.26,0.21,0.0,0.31,0.31,0.0,0.21,0.21,0.0
S55,C,0.3,0.4,0.4,0.3,0.35,0.35000000000000003,0.3,0.0,0.4,0.4,0.0,0.3,0.3,0.0
S56,C,0.27,0.37,0.37,0.27,0.32,0.32,0.27,0.0,0.37,0.37,0.0,0.27,0.27,0.0
S57,C,0.35,0.45,0.47,0.35,0.39,0.405,0.35,0.0,0.45999999999999996,0.45,0.0,0.35,0.35,0.0
S58,C,0.23,0.33,0.33,0.23,0.28,0.28,0.23,0.0,0.33,0.33,0.0,0.23,0.23,0.0
S59,C,0.32,0.42,0.43,0.32,0.37,0.3725,0.32,0.0,0.425,0.42,0.0,0.32,0.32,0.0
S60,C,0.28,0.38,0.38,0.28,0.33,0.33,0.28,0.0,0.38,0.38,0.0,0.28,0.28,0.0
