ID,Profile,L,I,C,A,Human_Global,Additive,Min,Luk_4D,Q_comm_add,Q_comm_min,Q_comm_luk,Q_acad_add,Q_acad_min,Q_acad_luk,Err_Additive,AbsErr_Additive,SqErr_Additive,Err_Godel_Min,AbsErr_Godel_Min,SqErr_Godel_Min,Err_Lukasiewicz_4D,AbsErr_Lukasiewicz_4D,SqErr_Lukasiewicz_4D,Err_Composite_Min_Add,AbsErr_Composite_Min_Add,SqErr_Composite_Min_Add
S01,A,0.85,0.92,0.78,0.42,0.65,0.7424999999999999,0.42,0.0,0.8500000000000001,0.78,0.7000000000000002,0.635,0.42,0.27,0.09249999999999992,0.09249999999999992,0.008556249999999984,-0.23000000000000004,0.23000000000000004,0.052900000000000016,-0.65,0.65,0.42250000000000004,-0.050000000000000044,0.050000000000000044,0.0025000000000000044
S02,A,0.78,0.88,0.72,0.38,0.6,0.69,0.38,0.0,0.8,0.72,0.6000000000000001,0.5800000000000001,0.38,0.1600000000000001,0.08999999999999997,0.08999999999999997,0.008099999999999994,-0.21999999999999997,0.21999999999999997,0.04839999999999999,-0.6,0.6,0.36,-0.04999999999999993,0.04999999999999993,0.0024999999999999935
S03,A,0.91,0.95,0.8,0.48,0.72,0.785,0.48,0.1400000000000001,0.875,0.8,0.75,0.6950000000000001,0.48,0.3900000000000001,0.06500000000000006,0.06500000000000006,0.004225000000000007,-0.24,0.24,0.0576,-0.5799999999999998,0.5799999999999998,0.3363999999999998,-0.07999999999999996,0.07999999999999996,0.006399999999999993
S04,A,0.82,0.85,0.68,0.35,0.58,0.675,0.35,0.0,0.765,0.68,0.53,0.585,0.35,0.1699999999999999,0.09500000000000008,0.09500000000000008,0.009025000000000016,-0.22999999999999998,0.22999999999999998,0.05289999999999999,-0.58,0.58,0.3364,-0.06499999999999995,0.06499999999999995,0.004224999999999993
S05,A,0.75,0.8,0.7,0.4,0.62,0.6625,0.4,0.0,0.75,0.7,0.5,0.575,0.4,0.1499999999999999,0.04249999999999998,0.04249999999999998,0.0018062499999999984,-0.21999999999999997,0.21999999999999997,0.04839999999999999,-0.62,0.62,0.3844,-0.06999999999999995,0.06999999999999995,0.004899999999999993
S06,A,0.88,0.9,0.75,0.32,0.68,0.7125,0.32,0.0,0.825,0.75,0.6499999999999999,0.6,0.32,0.1999999999999999,0.03249999999999997,0.03249999999999997,0.0010562499999999982,-0.36000000000000004,0.36000000000000004,0.12960000000000002,-0.68,0.68,0.4624000000000001,-0.14500000000000002,0.14500000000000002,0.021025000000000005
S07,A,0.8,0.88,0.65,0.45,0.6,0.6950000000000001,0.45,0.0,0.765,0.65,0.53,0.625,0.45,0.25,0.09500000000000008,0.09500000000000008,0.009025000000000016,-0.14999999999999997,0.14999999999999997,0.02249999999999999,-0.6,0.6,0.36,-0.04999999999999993,0.04999999999999993,0.0024999999999999935
S08,A,0.84,0.92,0.82,0.39,0.67,0.7425,0.39,0.0,0.87,0.82,0.74,0.615,0.39,0.2299999999999999,0.07250000000000001,0.07250000000000001,0.005256250000000001,-0.28,0.28,0.07840000000000001,-0.67,0.67,0.4489000000000001,-0.06500000000000006,0.06500000000000006,0.004225000000000007
S09,A,0.77,0.84,0.74,0.36,0.59,0.6774999999999999,0.36,0.0,0.79,0.74,0.5800000000000001,0.565,0.36,0.1299999999999999,0.08749999999999991,0.08749999999999991,0.007656249999999984,-0.22999999999999998,0.22999999999999998,0.05289999999999999,-0.59,0.59,0.34809999999999997,-0.039999999999999925,0.039999999999999925,0.001599999999999994
S10,A,0.89,0.96,0.79,0.41,0.7,0.7625000000000001,0.41,0.0500000000000002,0.875,0.79,0.75,0.65,0.41,0.3,0.06250000000000011,0.06250000000000011,0.003906250000000014,-0.29,0.29,0.0841,-0.6499999999999997,0.6499999999999997,0.4224999999999996,-0.09999999999999998,0.09999999999999998,0.009999999999999995
S11,A,0.81,0.87,0.66,0.37,0.57,0.6775000000000001,0.37,0.0,0.765,0.66,0.53,0.5900000000000001,0.37,0.1800000000000001,0.10750000000000015,0.10750000000000015,0.011556250000000032,-0.19999999999999996,0.19999999999999996,0.03999999999999998,-0.57,0.57,0.32489999999999997,-0.05499999999999994,0.05499999999999994,0.003024999999999993
S12,A,0.86,0.91,0.73,0.43,0.64,0.7325,0.43,0.0,0.8200000000000001,0.73,0.6400000000000001,0.645,0.43,0.29,0.09250000000000003,0.09250000000000003,0.008556250000000005,-0.21000000000000002,0.21000000000000002,0.04410000000000001,-0.64,0.64,0.4096,-0.06000000000000005,0.06000000000000005,0.0036000000000000064
S13,A,0.79,0.85,0.77,0.33,0.61,0.685,0.33,0.0,0.81,0.77,0.6200000000000001,0.56,0.33,0.1200000000000001,0.07500000000000007,0.07500000000000007,0.00562500000000001,-0.27999999999999997,0.27999999999999997,0.07839999999999998,-0.61,0.61,0.3721,-0.05999999999999994,0.05999999999999994,0.003599999999999993
S14,A,0.83,0.89,0.69,0.46,0.63,0.7175,0.46,0.0,0.79,0.69,0.5800000000000001,0.645,0.46,0.29,0.08750000000000002,0.08750000000000002,0.007656250000000004,-0.16999999999999998,0.16999999999999998,0.028899999999999995,-0.63,0.63,0.39690000000000003,-0.05500000000000005,0.05500000000000005,0.0030250000000000055
S15,A,0.76,0.82,0.71,0.38,0.58,0.6675,0.38,0.0,0.7649999999999999,0.71,0.5299999999999998,0.5700000000000001,0.38,0.1400000000000001,0.08750000000000002,0.08750000000000002,0.007656250000000004,-0.19999999999999996,0.19999999999999996,0.03999999999999998,-0.58,0.58,0.3364,-0.03500000000000003,0.03500000000000003,0.0012250000000000021
S16,A,0.87,0.94,0.76,0.34,0.66,0.7275,0.34,0.0,0.85,0.76,0.7,0.605,0.34,0.2099999999999999,0.0675,0.0675,0.00455625,-0.32,0.32,0.1024,-0.66,0.66,0.43560000000000004,-0.10999999999999999,0.10999999999999999,0.012099999999999998
S17,A,0.8,0.86,0.67,0.42,0.59,0.6875,0.42,0.0,0.765,0.67,0.53,0.61,0.42,0.2199999999999999,0.09750000000000003,0.09750000000000003,0.009506250000000006,-0.16999999999999998,0.16999999999999998,0.028899999999999995,-0.59,0.59,0.34809999999999997,-0.04499999999999993,0.04499999999999993,0.002024999999999994
S18,A,0.85,0.9,0.81,0.37,0.68,0.7325,0.37,0.0,0.855,0.81,0.71,0.61,0.37,0.2199999999999999,0.05249999999999999,0.05249999999999999,0.002756249999999999,-0.31000000000000005,0.31000000000000005,0.09610000000000003,-0.68,0.68,0.4624000000000001,-0.08999999999999997,0.08999999999999997,0.008099999999999994
S19,A,0.74,0.81,0.65,0.4,0.56,0.65,0.4,0.0,0.73,0.65,0.4599999999999999,0.5700000000000001,0.4,0.1400000000000001,0.08999999999999997,0.08999999999999997,0.008099999999999994,-0.16000000000000003,0.16000000000000003,0.02560000000000001,-0.56,0.56,0.31360000000000005,-0.03500000000000003,0.03500000000000003,0.0012250000000000021
S20,A,0.88,0.93,0.78,0.44,0.69,0.7575,0.44,0.0299999999999998,0.855,0.78,0.71,0.66,0.44,0.32,0.0675,0.0675,0.00455625,-0.24999999999999994,0.24999999999999994,0.06249999999999997,-0.6600000000000001,0.6600000000000001,0.4356000000000002,-0.07999999999999996,0.07999999999999996,0.006399999999999993
S21,B,0.42,0.82,0.74,0.62,0.55,0.65,0.42,0.0,0.78,0.74,0.56,0.52,0.42,0.04,0.09999999999999998,0.09999999999999998,0.009999999999999995,-0.13000000000000006,0.13000000000000006,0.016900000000000016,-0.55,0.55,0.30250000000000005,0.029999999999999916,0.029999999999999916,0.000899999999999995
S22,B,0.38,0.78,0.68,0.58,0.5,0.6050000000000001,0.38,0.0,0.73,0.68,0.4599999999999999,0.48,0.38,0.0,0.1050000000000001,0.1050000000000001,0.01102500000000002,-0.12,0.12,0.0144,-0.5,0.5,0.25,0.030000000000000027,0.030000000000000027,0.0009000000000000016
S23,B,0.45,0.86,0.8,0.68,0.62,0.6975000000000001,0.45,0.0,0.8300000000000001,0.8,0.6600000000000001,0.5650000000000001,0.45,0.1300000000000001,0.07750000000000012,0.07750000000000012,0.006006250000000019,-0.16999999999999998,0.16999999999999998,0.028899999999999995,-0.62,0.62,0.3844,0.0050000000000000044,0.0050000000000000044,2.5000000000000045e-05
S24,B,0.32,0.75,0.65,0.55,0.48,0.5675000000000001,0.32,0.0,0.7,0.65,0.3999999999999999,0.435,0.32,0.0,0.08750000000000013,0.08750000000000013,0.007656250000000023,-0.15999999999999998,0.15999999999999998,0.02559999999999999,-0.48,0.48,0.2304,0.0050000000000000044,0.0050000000000000044,2.5000000000000045e-05
S25,B,0.4,0.8,0.7,0.6,0.54,0.625,0.4,0.0,0.75,0.7,0.5,0.5,0.4,0.0,0.08499999999999996,0.08499999999999996,0.007224999999999994,-0.14,0.14,0.019600000000000003,-0.54,0.54,0.2916,0.010000000000000009,0.010000000000000009,0.00010000000000000018
S26,B,0.36,0.77,0.75,0.52,0.52,0.6,0.36,0.0,0.76,0.75,0.52,0.44,0.36,0.0,0.07999999999999996,0.07999999999999996,0.006399999999999993,-0.16000000000000003,0.16000000000000003,0.02560000000000001,-0.52,0.52,0.27040000000000003,0.03499999999999992,0.03499999999999992,0.0012249999999999943
S27,B,0.48,0.88,0.82,0.65,0.65,0.7074999999999999,0.48,0.0,0.85,0.82,0.7,0.565,0.48,0.1299999999999999,0.057499999999999885,0.057499999999999885,0.0033062499999999867,-0.17000000000000004,0.17000000000000004,0.028900000000000012,-0.65,0.65,0.42250000000000004,-1.1102230246251565e-16,1.1102230246251565e-16,1.232595164407831e-32
S28,B,0.33,0.74,0.62,0.57,0.46,0.565,0.33,0.0,0.6799999999999999,0.62,0.3599999999999999,0.4499999999999999,0.33,0.0,0.10499999999999993,0.10499999999999993,0.011024999999999984,-0.13,0.13,0.016900000000000002,-0.46,0.46,0.2116,0.014999999999999958,0.014999999999999958,0.00022499999999999875
S29,B,0.41,0.81,0.76,0.63,0.57,0.6525,0.41,0.0,0.785,0.76,0.5700000000000001,0.52,0.41,0.04,0.08250000000000002,0.08250000000000002,0.006806250000000003,-0.15999999999999998,0.15999999999999998,0.02559999999999999,-0.57,0.57,0.32489999999999997,0.015000000000000013,0.015000000000000013,0.0002250000000000004
S30,B,0.39,0.79,0.69,0.59,0.53,0.615,0.39,0.0,0.74,0.69,0.48,0.49,0.39,0.0,0.08499999999999996,0.08499999999999996,0.007224999999999994,-0.14,0.14,0.019600000000000003,-0.53,0.53,0.28090000000000004,0.010000000000000009,0.010000000000000009,0.00010000000000000018
S31,B,0.44,0.85,0.78,0.66,0.6,0.6825000000000001,0.44,0.0,0.815,0.78,0.6299999999999999,0.55,0.44,0.1,0.08250000000000013,0.08250000000000013,0.0068062500000000215,-0.15999999999999998,0.15999999999999998,0.02559999999999999,-0.6,0.6,0.36,0.010000000000000009,0.010000000000000009,0.00010000000000000018
S32,B,0.35,0.76,0.66,0.54,0.49,0.5775,0.35,0.0,0.71,0.66,0.4199999999999999,0.445,0.35,0.0,0.08750000000000002,0.08750000000000002,0.007656250000000004,-0.14,0.14,0.019600000000000003,-0.49,0.49,0.24009999999999998,0.015000000000000013,0.015000000000000013,0.0002250000000000004
S33,B,0.46,0.87,0.81,0.67,0.63,0.7025,0.46,0.0,0.8400000000000001,0.81,0.6800000000000002,0.5650000000000001,0.46,0.1300000000000001,0.07250000000000001,0.07250000000000001,0.005256250000000001,-0.16999999999999998,0.16999999999999998,0.028899999999999995,-0.63,0.63,0.39690000000000003,0.0050000000000000044,0.0050000000000000044,2.5000000000000045e-05
S34,B,0.31,0.73,0.64,0.53,0.45,0.5525,0.31,0.0,0.685,0.64,0.3700000000000001,0.42,0.31,0.0,0.10249999999999998,0.10249999999999998,0.010506249999999996,-0.14,0.14,0.019600000000000003,-0.45,0.45,0.2025,0.024999999999999967,0.024999999999999967,0.0006249999999999984
S35,B,0.43,0.83,0.72,0.61,0.56,0.6475,0.43,0.0,0.7749999999999999,0.72,0.5499999999999998,0.52,0.43,0.04,0.08749999999999991,0.08749999999999991,0.007656249999999984,-0.13000000000000006,0.13000000000000006,0.016900000000000016,-0.56,0.56,0.31360000000000005,0.014999999999999902,0.014999999999999902,0.00022499999999999707
S36,B,0.37,0.78,0.74,0.56,0.51,0.6125,0.37,0.0,0.76,0.74,0.52,0.465,0.37,0.0,0.10250000000000004,0.10250000000000004,0.010506250000000007,-0.14,0.14,0.019600000000000003,-0.51,0.51,0.2601,0.04499999999999993,0.04499999999999993,0.002024999999999994
S37,B,0.47,0.89,0.83,0.69,0.66,0.72,0.47,0.0,0.86,0.83,0.72,0.58,0.47,0.1599999999999999,0.05999999999999994,0.05999999999999994,0.003599999999999993,-0.19000000000000006,0.19000000000000006,0.03610000000000002,-0.66,0.66,0.43560000000000004,-0.01000000000000012,0.01000000000000012,0.0001000000000000024
S38,B,0.34,0.75,0.63,0.58,0.48,0.5750000000000001,0.34,0.0,0.69,0.63,0.3799999999999999,0.4599999999999999,0.34,0.0,0.09500000000000008,0.09500000000000008,0.009025000000000016,-0.13999999999999996,0.13999999999999996,0.01959999999999999,-0.48,0.48,0.2304,0.0050000000000000044,0.0050000000000000044,2.5000000000000045e-05
S39,B,0.42,0.82,0.77,0.64,0.58,0.6625,0.42,0.0,0.7949999999999999,0.77,0.5899999999999999,0.53,0.42,0.06,0.08250000000000002,0.08250000000000002,0.006806250000000003,-0.15999999999999998,0.15999999999999998,0.02559999999999999,-0.58,0.58,0.3364,0.015000000000000013,0.015000000000000013,0.0002250000000000004
S40,B,0.38,0.79,0.67,0.57,0.52,0.6024999999999999,0.38,0.0,0.73,0.67,0.4599999999999999,0.475,0.38,0.0,0.0824999999999999,0.0824999999999999,0.006806249999999984,-0.14,0.14,0.019600000000000003,-0.52,0.52,0.27040000000000003,0.0050000000000000044,0.0050000000000000044,2.5000000000000045e-05
S41,C,0.32,0.42,0.45,0.32,0.38,0.3775,0.32,0.0,0.435,0.42,0.0,0.32,0.32,0.0,-0.0025000000000000022,0.0025000000000000022,6.250000000000011e-06,-0.06,0.06,0.0036,-0.38,0.38,0.1444,-0.010000000000000009,0.010000000000000009,0.00010000000000000018
S42,C,0.28,0.38,0.35,0.28,0.3,0.3225,0.28,0.0,0.365,0.35,0.0,0.28,0.28,0.0,0.02250000000000002,0.02250000000000002,0.000506250000000001,-0.019999999999999962,0.019999999999999962,0.0003999999999999985,-0.3,0.3,0.09,0.015000000000000013,0.015000000000000013,0.0002250000000000004
S43,C,0.38,0.48,0.52,0.38,0.42,0.4399999999999999,0.38,0.0,0.5,0.48,0.0,0.38,0.38,0.0,0.019999999999999962,0.019999999999999962,0.0003999999999999985,-0.03999999999999998,0.03999999999999998,0.0015999999999999983,-0.42,0.42,0.17639999999999997,0.010000000000000009,0.010000000000000009,0.00010000000000000018
S44,C,0.22,0.32,0.32,0.25,0.26,0.2775,0.22,0.0,0.32,0.32,0.0,0.235,0.22,0.0,0.017500000000000016,0.017500000000000016,0.00030625000000000053,-0.04000000000000001,0.04000000000000001,0.0016000000000000007,-0.26,0.26,0.06760000000000001,0.010000000000000009,0.010000000000000009,0.00010000000000000018
S45,C,0.3,0.4,0.4,0.3,0.35,0.35,0.3,0.0,0.4,0.4,0.0,0.3,0.3,0.0,5.551115123125783e-17,5.551115123125783e-17,3.0814879110195774e-33,-0.04999999999999999,0.04999999999999999,0.0024999999999999988,-0.35,0.35,0.12249999999999998,0.0,0.0,0.0
S46,C,0.26,0.36,0.38,0.26,0.31,0.315,0.26,0.0,0.37,0.36,0.0,0.26,0.26,0.0,0.0050000000000000044,0.0050000000000000044,2.5000000000000045e-05,-0.04999999999999999,0.04999999999999999,0.0024999999999999988,-0.31,0.31,0.0961,0.0,0.0,0.0
S47,C,0.36,0.46,0.48,0.36,0.4,0.415,0.36,0.0,0.47,0.46,0.0,0.36,0.36,0.0,0.015000000000000013,0.015000000000000013,0.0002250000000000004,-0.040000000000000036,0.040000000000000036,0.001600000000000003,-0.4,0.4,0.16000000000000003,0.010000000000000009,0.010000000000000009,0.00010000000000000018
S48,C,0.24,0.34,0.34,0.22,0.27,0.285,0.22,0.0,0.34,0.34,0.0,0.2299999999999999,0.22,0.0,0.015000000000000013,0.015000000000000013,0.0002250000000000004,-0.05000000000000002,0.05000000000000002,0.002500000000000002,-0.27,0.27,0.0729,0.010000000000000009,0.010000000000000009,0.00010000000000000018
S49,C,0.31,0.41,0.42,0.31,0.36,0.3625,0.31,0.0,0.415,0.41,0.0,0.31,0.31,0.0,0.0025000000000000022,0.0025000000000000022,6.250000000000011e-06,-0.04999999999999999,0.04999999999999999,0.0024999999999999988,-0.36,0.36,0.1296,0.0,0.0,0.0
S50,C,0.29,0.39,0.39,0.29,0.33,0.3399999999999999,0.29,0.0,0.39,0.39,0.0,0.29,0.29,0.0,0.009999999999999953,0.009999999999999953,9.999999999999907e-05,-0.040000000000000036,0.040000000000000036,0.001600000000000003,-0.33,0.33,0.10890000000000001,0.009999999999999953,0.009999999999999953,9.999999999999907e-05
S51,C,0.34,0.44,0.46,0.34,0.38,0.395,0.34,0.0,0.45,0.44,0.0,0.34,0.34,0.0,0.015000000000000013,0.015000000000000013,0.0002250000000000004,-0.03999999999999998,0.03999999999999998,0.0015999999999999983,-0.38,0.38,0.1444,0.010000000000000009,0.010000000000000009,0.00010000000000000018
S52,C,0.25,0.35,0.36,0.24,0.3,0.3,0.24,0.0,0.355,0.35,0.0,0.245,0.24,0.0,0.0,0.0,0.0,-0.06,0.06,0.0036,-0.3,0.3,0.09,-0.0050000000000000044,0.0050000000000000044,2.5000000000000045e-05
S53,C,0.37,0.47,0.51,0.37,0.41,0.43,0.37,0.0,0.49,0.47,0.0,0.37,0.37,0.0,0.020000000000000073,0.020000000000000073,0.00040000000000000295,-0.03999999999999998,0.03999999999999998,0.0015999999999999983,-0.41,0.41,0.16809999999999997,0.010000000000000009,0.010000000000000009,0.00010000000000000018
S54,C,0.21,0.31,0.31,0.21,0.24,0.26,0.21,0.0,0.31,0.31,0.0,0.21,0.21,0.0,0.020000000000000018,0.020000000000000018,0.0004000000000000007,-0.03,0.03,0.0009,-0.24,0.24,0.0576,0.020000000000000018,0.020000000000000018,0.0004000000000000007
S55,C,0.3,0.4,0.4,0.3,0.35,0.35,0.3,0.0,0.4,0.4,0.0,0.3,0.3,0.0,5.551115123125783e-17,5.551115123125783e-17,3.0814879110195774e-33,-0.04999999999999999,0.04999999999999999,0.0024999999999999988,-0.35,0.35,0.12249999999999998,0.0,0.0,0.0
S56,C,0.27,0.37,0.37,0.27,0.32,0.32,0.27,0.0,0.37,0.37,0.0,0.27,0.27,0.0,0.0,0.0,0.0,-0.04999999999999999,0.04999999999999999,0.0024999999999999988,-0.32,0.32,0.1024,0.0,0.0,0.0
S57,C,0.35,0.45,0.47,0.35,0.39,0.405,0.35,0.0,0.4599999999999999,0.45,0.0,0.35,0.35,0.0,0.015000000000000013,0.015000000000000013,0.0002250000000000004,-0.040000000000000036,0.040000000000000036,0.001600000000000003,-0.39,0.39,0.1521,0.010000000000000009,0.010000000000000009,0.00010000000000000018
S58,C,0.23,0.33,0.33,0.23,0.28,0.28,0.23,0.0,0.33,0.33,0.0,0.23,0.23,0.0,0.0,0.0,0.0,-0.05000000000000002,0.05000000000000002,0.002500000000000002,-0.28,0.28,0.07840000000000001,0.0,0.0,0.0
S59,C,0.32,0.42,0.43,0.32,0.37,0.3725,0.32,0.0,0.425,0.42,0.0,0.32,0.32,0.0,0.0025000000000000022,0.0025000000000000022,6.250000000000011e-06,-0.04999999999999999,0.04999999999999999,0.0024999999999999988,-0.37,0.37,0.1369,0.0,0.0,0.0
S60,C,0.28,0.38,0.38,0.28,0.33,0.33,0.28,0.0,0.38,0.38,0.0,0.28,0.28,0.0,0.0,0.0,0.0,-0.04999999999999999,0.04999999999999999,0.0024999999999999988,-0.33,0.33,0.10890000000000001,0.0,0.0,0.0
