Weight_Comm_w,Weight_Acad_1_minus_w,MAE,RMSE,Mean_Bias,Pearson_r
0.0,1.0,0.1435,0.1668,-0.1435,0.8426
0.05,0.95,0.1307,0.1532,-0.1307,0.8718
0.1,0.9,0.118,0.1396,-0.118,0.8947
0.15,0.85,0.1052,0.1261,-0.1052,0.9125
0.2,0.8,0.0925,0.1127,-0.0925,0.9263
0.25,0.75,0.0797,0.0996,-0.0797,0.9368
0.3,0.7,0.067,0.0867,-0.0669,0.9448
0.35,0.65,0.0545,0.0743,-0.0542,0.9507
0.4,0.6,0.0423,0.0625,-0.0414,0.9551
0.45,0.55,0.0335,0.0519,-0.0287,0.9582
0.5,0.5,0.0296,0.0434,-0.0159,0.9603
0.55,0.45,0.0304,0.0383,-0.0032,0.9617
0.6,0.4,0.0317,0.038,0.0096,0.9624
0.65,0.35,0.0347,0.0426,0.0224,0.9627
0.7,0.3,0.0407,0.0509,0.0351,0.9626
0.75,0.25,0.0495,0.0613,0.0479,0.9622
0.8,0.2,0.0612,0.0729,0.0606,0.9616
0.85,0.15,0.0734,0.0853,0.0734,0.9609
0.9,0.1,0.0862,0.0981,0.0862,0.9599
0.95,0.05,0.0989,0.1112,0.0989,0.9589
1.0,0.0,0.1117,0.1246,0.1117,0.9578
