Deidentified_ID,Profile,Linguistic_Accuracy_L,Intelligibility_I,Communicative_Adequacy_C,Academic_Appropriateness_A,Human_Holistic_Criterion
S01,A,0.85,0.92,0.78,0.42,0.65
S02,A,0.78,0.88,0.72,0.38,0.6
S03,A,0.91,0.95,0.8,0.48,0.72
S04,A,0.82,0.85,0.68,0.35,0.58
S05,A,0.75,0.8,0.7,0.4,0.62
S06,A,0.88,0.9,0.75,0.32,0.68
S07,A,0.8,0.88,0.65,0.45,0.6
S08,A,0.84,0.92,0.82,0.39,0.67
S09,A,0.77,0.84,0.74,0.36,0.59
S10,A,0.89,0.96,0.79,0.41,0.7
S11,A,0.81,0.87,0.66,0.37,0.57
S12,A,0.86,0.91,0.73,0.43,0.64
S13,A,0.79,0.85,0.77,0.33,0.61
S14,A,0.83,0.89,0.69,0.46,0.63
S15,A,0.76,0.82,0.71,0.38,0.58
S16,A,0.87,0.94,0.76,0.34,0.66
S17,A,0.8,0.86,0.67,0.42,0.59
S18,A,0.85,0.9,0.81,0.37,0.68
S19,A,0.74,0.81,0.65,0.4,0.56
S20,A,0.88,0.93,0.78,0.44,0.69
S21,B,0.42,0.82,0.74,0.62,0.55
S22,B,0.38,0.78,0.68,0.58,0.5
S23,B,0.45,0.86,0.8,0.68,0.62
S24,B,0.32,0.75,0.65,0.55,0.48
S25,B,0.4,0.8,0.7,0.6,0.54
S26,B,0.36,0.77,0.75,0.52,0.52
S27,B,0.48,0.88,0.82,0.65,0.65
S28,B,0.33,0.74,0.62,0.57,0.46
S29,B,0.41,0.81,0.76,0.63,0.57
S30,B,0.39,0.79,0.69,0.59,0.53
S31,B,0.44,0.85,0.78,0.66,0.6
S32,B,0.35,0.76,0.66,0.54,0.49
S33,B,0.46,0.87,0.81,0.67,0.63
S34,B,0.31,0.73,0.64,0.53,0.45
S35,B,0.43,0.83,0.72,0.61,0.56
S36,B,0.37,0.78,0.74,0.56,0.51
S37,B,0.47,0.89,0.83,0.69,0.66
S38,B,0.34,0.75,0.63,0.58,0.48
S39,B,0.42,0.82,0.77,0.64,0.58
S40,B,0.38,0.79,0.67,0.57,0.52
S41,C,0.32,0.42,0.45,0.32,0.38
S42,C,0.28,0.38,0.35,0.28,0.3
S43,C,0.38,0.48,0.52,0.38,0.42
S44,C,0.22,0.32,0.32,0.25,0.26
S45,C,0.3,0.4,0.4,0.3,0.35
S46,C,0.26,0.36,0.38,0.26,0.31
S47,C,0.36,0.46,0.48,0.36,0.4
S48,C,0.24,0.34,0.34,0.22,0.27
S49,C,0.31,0.41,0.42,0.31,0.36
S50,C,0.29,0.39,0.39,0.29,0.33
S51,C,0.34,0.44,0.46,0.34,0.38
S52,C,0.25,0.35,0.36,0.24,0.3
S53,C,0.37,0.47,0.51,0.37,0.41
S54,C,0.21,0.31,0.31,0.21,0.24
S55,C,0.3,0.4,0.4,0.3,0.35
S56,C,0.27,0.37,0.37,0.27,0.32
S57,C,0.35,0.45,0.47,0.35,0.39
S58,C,0.23,0.33,0.33,0.23,0.28
S59,C,0.32,0.42,0.43,0.32,0.37
S60,C,0.28,0.38,0.38,0.28,0.33
